<?xml version="1.0" encoding="UTF-8"?>
<beans xmlns="http://www.springframework.org/schema/beans"
       xmlns:tx="http://www.springframework.org/schema/tx"
       xmlns:context="http://www.springframework.org/schema/context"
       xmlns:aop="http://www.springframework.org/schema/aop"
       xmlns:xsi="http://www.w3.org/2001/XMLSchema-instance"
       xsi:schemaLocation="
       http://www.springframework.org/schema/beans http://www.springframework.org/schema/beans/spring-beans.xsd
       http://www.springframework.org/schema/tx http://www.springframework.org/schema/tx/spring-tx.xsd
       http://www.springframework.org/schema/aop http://www.springframework.org/schema/aop/spring-aop.xsd
       http://www.springframework.org/schema/context http://www.springframework.org/schema/context/spring-context.xsd
">

    <bean class="com.mchange.v2.c3p0.ComboPooledDataSource" id="dataSource">
        <property name="user" value="root"></property>
        <property name="password" value="123456"></property>
        <property name="driverClass" value="com.mysql.jdbc.Driver"></property>
        <property name="jdbcUrl" value="jdbc:mysql://127.0.0.1:3306/fly?characterEncoding=utf-8"></property>
        <property name="initialPoolSize" value="5"></property>
        <property name="maxPoolSize" value="20"></property>
    </bean>
    
    <bean class="org.mybatis.spring.SqlSessionFactoryBean" id="sessionFactory">
        <property name="dataSource" ref="dataSource"></property>
        <!--<property name="typeAliasesPackage" value="com.fly.model"></property>
        <property name="mapperLocations" value="classpath:com/fly/model/*.xml"></property>-->
    </bean>
    
    <bean class="org.springframework.jdbc.datasource.DataSourceTransactionManager" id="transactionManager">
        <property name="dataSource" ref="dataSource"></property>
    </bean>
    
    <bean class="org.mybatis.spring.mapper.MapperScannerConfigurer">
        <property name="basePackage" value="com.fly.mapper"></property>
    </bean>
    
    <tx:advice id="TxAdvice" transaction-manager="transactionManager">
        <tx:attributes>
            <tx:method name="nq*" propagation="REQUIRED"/>
            <tx:method name="*" read-only="true"/>
        </tx:attributes>
    </tx:advice>

    <aop:config>
        <aop:pointcut id="pointcut" expression="execution(* com.fly.service.impl.*.*(..))"/>
        <aop:advisor advice-ref="TxAdvice" pointcut-ref="pointcut"></aop:advisor>
    </aop:config>








</beans>